MSE,MAE,R2
9.358940366276135,2.5021178364289405,-4.132097330966644e-09
8.900471778483297,2.4376613549192343,0.04898722858276372
8.38077450760544,2.3494992438926254,0.10451672793698186
